,Unnamed: 0,series_title_long,legacy_hbomax_series_viewable_id,release_year,content_type,search_title
195,56,99 Homes,GYfu6xAj5b3IkwgEAAAAD,2014,,Home
84,0,A Guy Named Joe,GXt509QQlasPCwgEAAAma,1943,,Guy Named Joe
160,5,A Prairie Home Companion,GXfuVlQz1mJWdkQEAAAfJ,2006,,Home
217,95,"Acasa, My Home",GYWfIagAFZbORYAEAAAHT,2020,,Home
43,65,Acoustic Home,GYZaDUwRqMDB0bAEAAABP,2022,,Home
391,152,Adventures Italian Style,GYfpzqAK18sMRRQEAAACj,2020,,It
302,39,Agent Hamilton: But Not If It Concerns Your Daughter,GYcIF4wjDLXconAEAAAAJ,2012,,It
159,4,Alive Day Memories: Home From Iraq,GVU2z_wAlGo7DwvwIAVsE,2007,movie,Home
30,1,All American: Homecoming,GYgR3zAxugZJAsQEAAAA6,2022,,Home
138,4,An American Haunting,GV7tzEQnWKYORngEAAACL,2006,,Haunting
348,101,And If It Works?,GYZKd0wkmqMIrtQEAAAAC,2013,,It
357,112,And So It Goes,GYGiREgQUd5BRgAEAAAA6,2014,,It
191,47,Andy Hardy Comes Home,GYuMHrwnPBK-VqQEAAAAR,1958,,Home
173,23,Annabelle Comes Home,GYGIgTAWX2Iq-lgEAAAAM,2019,movie,Home
161,7,Annabelle Comes Home,GXerC0w8A4rPDfgEAABA_,2019,,Home
47,0,Aqua Teen Hunger Force,GXbCIvwTBr3epwwEAAAJj,2005,episode,Hunger
338,88,"Are You There God? It's Me, Margaret.",GZTACwwALO8JMRAEAABM9,2023,,It
293,28,As Good as It Gets,GY-I2bwPXVX2YqQEAAAAC,1997,,It
394,155,As Luck Would Have It,GYjscfwGDmr2KvAEAAAAC,2021,,It
403,166,As You Like It,GVU2-kAy_-INJjhsJAWOD,2007,movie,It
186,38,At Home Finland,GYQ9ieQhwdsLCwwEAAABs,2020,,Home
168,15,At Home Poland,GYR5M5A8sioSaqQEAAAAh,2020,,Home
226,107,At Home Spain,GYR5RdgWLo4jDwgEAAAnR,2020,,Home
176,26,At Home with 99,GZRMoigYBasJMRAEAAA8_,2023,,Home
40,52,At Home with Amy Sedaris,GXajjjwAqKqCkmwEAAApG,2020,,Home
213,91,Atomic Homefront,GWjrs5goTMI6VPAEAAAJo,2018,,Home
225,106,Babylon 5: The Road Home,GZUJ7hQSio8MrwwEAABYT,2023,,Home
99,20,Bad Lieutenant,GXfuUwgtfLZWdkQEAAAcW,1992,,
103,24,Banana Split,GYJW3zQY1wMMnkgEAAABO,2018,,
104,25,Bananas,GXHHXcwwSL47DwwEAAAD7,1971,,
123,7,Batman and Harley Quinn,GXeOMzAmLNpuAuwEAADwd,2017,movie,Harley Quinn
401,164,Bend It Like Beckham,GWPUmWQ3xJZ2-hAEAAABU,2003,,It
184,34,Bill Maher: Victory Begins at Home,GVU4VeQbDaY7DwvwIAcQy,2003,standalone,Home
120,2,Birds of Prey (and the Fantabulous Emancipation of One Harley Quinn),GYGJAwgdTR0zCwwEAAABM,2020,movie,Harley Quinn
121,4,Birds of Prey: Harley Quinn,GXtq0PQyT7MPCwgEAAAaq,2020,,Harley Quinn
55,7,Bita World: Imagine It,GYsw5BgbxXnmangEAAAbV,2015,,It
362,118,Blame It on Rio,GYhkqbQc7UcIKbwEAAADp,1984,movie,It
216,94,Boonie Bears: Homeward Journey,GZO8_sA74Q8MrwwEAAAg3,2013,,Home
381,141,Bring It On: Cheer or Die,GZDaHTAHoeJfDVQEAABSi,2022,,It
53,1,Check It Out! With Dr. Steve Brule,GX8VicwIYG8LCNwEAAAFT,2012,episode,It
196,57,Coming Home in the Dark,GYvVajgghxpa8kAEAAAKW,2021,,Home
108,34,Conan O'Brien's Team Coco Presents: James Veitch: Straight to VHS,GXxs27QAGY7CYnwEAAABX,2020,,
7,17,Conan Without Borders,GXpdn_AvyT7EswgEAAAXG,2015,episode,
90,6,Conan the Barbarian,GYkHOEASrHsLCwgEAAAAd,2011,movie,
372,131,Czech It Out!,GYj23VQxGV0m7wgEAAAAJ,2022,,It
158,3,D.L. Hughley: Going Home,GVU23NgPSZ4NJjhsJAVvq,1999,standalone,Home
244,0,DC Showcase Shorts: Constantine - The House of Mystery,GYtC3iQOnSVCRsAEAAAAC,2022,standalone,The House
183,33,Daddy's Home,GYXD4tQCvOsI_wwEAAAB9,2015,,Home
174,24,Daddy's Home 2,GYWkPxwyzsjfCFgEAAAAh,2017,,Home
95,13,Detective Conan: Dimensional Sniper,GYbpZGgzEUL26iAEAAAIT,2014,,
105,29,Detective Conan: Sunflowers of Inferno,GYfKUMgTcQMPDwwEAAAC0,2015,,
92,8,Detective Conan: The Fist of Blue Sapphire,GYcHSdwzg1a3CUwEAAAAC,2019,,
94,12,Detective Conan: Zero the Enforcer,GYbC3UwgsTBkowwEAAAAQ,2018,,
33,17,Diary of an Old Home,GY2F9OgfblcPCwwEAAABI,2022,episode,Home
374,133,"Divorce, Italian Style",GXnvVkgn7IICgwwEAAA5u,1962,movie,It
346,99,Donald Trump: A Faking It Special,GZO4fGwnBhACSZAEAAAAP,2020,,It
36,36,Dream Home Rescue,GXdcb1QGrE5uAuwEAACy0,2012,,Home
384,145,Elvis: That's the Way It Is,GXqdnyQAHtcLDwgEAAAvk,1970,,It
163,10,Far From Home: The Adventures of Yellow Dog,GXEIDEwS8pY0IvQEAAAF1,1995,,Home
222,102,Finding the Way Home,GXc2_QAlhY8PCwwEAAAYF,2019,movie,Home
34,19,Fixer Upper: Welcome Home,GYxj4mAEpAxbDwwEAAAr4,2020,episode,Home
215,93,Fly Away Home,GYgQ40wdWQsLCHAEAAAAi,1996,,Home
35,22,Foster's Home for Imaginary Friends,GXnJ9_wWT34CgwwEAAADK,2008,episode,Home
327,73,Four Kids and It,GYg_P2QvI_bqNowEAAABs,2020,,It
169,16,Free Willy 2: The Adventure Home,GYdu_6wHreQPCwgEAAAFs,1995,,Home
197,61,Free Willy 2: The Adventure Home,GXdu2TwlYxMPCwwEAADWe,1995,,Home
297,32,George Carlin: It's Bad for Ya,GYmmtVgIozDgxkQEAAAAJ,2008,standalone,It
285,17,"George Lopez: It's Not Me, It's You",GVU2vDgndTFFvjSoJAVKL,2012,standalone,It
175,25,Godzilla vs. Kong: Kong Leaves Home,GYFUUlQ3PFcNUwwEAAAAC,2021,,Home
59,0,Gordita Chronicles,GYnl_JQsLosPCwgEAAACs,2022,,Gordita Chronicles
1,1,Gossip Girl,GX-EdhwKKy5rDwwEAAACK,2008,episode,Gossip Girl
0,0,Gossip Girl,GYME4cgyGt6EnCgEAAAAv,2022,episode,Gossip Girl
60,0,Gotham Knights,GY_98Sg0MQbiWtQEAAAL3,2023,episode,Gotham Knights
73,2,Green Lantern,GXXAljgW4WcPCwgEAAAHP,2011,,Green Lantern
74,3,Green Lantern,GX07YeQv6q7CttQEAAAF_,2011,movie,Green Lantern
72,1,Green Lantern: Beware My Power,GYwz1hART6RbDwwEAAAgA,2022,movie,Green Lantern
75,4,Green Lantern: Emerald Knights,GXelcpgDCKLPDfgEAAA8I,2011,movie,Green Lantern
76,5,Green Lantern: First Flight,GXdu2UAAEqZuAuwEAADaW,2009,movie,Green Lantern
71,0,Green Lantern: The Animated Series,GX-nw5gRdmKCFpgEAAAJ5,2011,episode,Green Lantern
79,0,Gremlins: Secrets of the Mogwai,GZC2nUQuQLJSgigEAABQi,2023,episode,Secrets of the Mogwai
80,0,"Greystoke: The Legend of Tarzan, Lord of the Apes",GYGMCbQJkX8PCDAEAAAAK,1984,movie,The Legend of Tarzan
395,156,Gus The Itsy Bitsy Knight,GYY1zRgfqsFXCwgEAAAAC,2021,,It
9,1,Hack My Life: Inside Hacks,GXjma0Qt1YY7CZgEAAA14,2017,episode,Hacks
8,0,Hacks,GYIBToQrPdotpNQEAAAEa,2022,episode,Hacks
109,2,Hacks: Trailer,GYIgG1AdH63nCwgEAAAAC,2021,,Hacks
110,3,Hacksaw Ridge,GWSMFhAH5XYqXwgEAAACj,2016,,Hacks
112,1,Hairspray,GXoZSIAgdSsPDIgEAAAAh,1988,movie,Hairspray
111,0,Hairspray,GXjtShwFsq47CZgEAABBq,2007,movie,Hairspray
14,0,Hank Zipzer,GYkXcyACSDmPDegEAAAAv,2015,episode,Hank Zipzer
114,2,Hank Zipzer's Christmas Catastrophe,GY1l74QxUL8PCwgEAAACv,2016,movie,Hank Zipzer
15,0,Happy Endings,GYEaW8A10o7mmigEAAAA6,2011,,Happy Endings
162,9,Happy to Be Home With the Benkos,GZCHKEQ4758LCwwEAABPT,2023,,Home
17,2,Hard Knocks In Season: The Indianapolis Colts,GYWc0ugB7BZSJlgEAAAEE,2022,,Hard Knocks
16,1,Hard Knocks: In Season: The Arizona Cardinals,GYxkQYQGE28JboAEAAApv,2022,episode,Hard Knocks
118,6,Hard Knocks: Los Angeles,GXvzYEwgacppiwwEAAAGL,2020,,Hard Knocks
119,7,Hard Knocks: The Dallas Cowboys,GYPWlwAC-jquLKAEAAADZ,2021,,Hard Knocks
116,3,Hard Knocks: Training Camp,GYtrNxwgR9sLCwgEAAAxf,2022,episode,Hard Knocks
115,0,Hard Knocks: Training Camp with the New York Jets,GZLamFQC1BsPCLwEAAB-m,2023,,Hard Knocks
117,5,Hard Knocks: Training Camp with the Oakland Raiders,GXcCAFQSXFYY4KgEAAAT1,2019,,Hard Knocks
18,0,Harley Quinn,GXxis0w4EP8N_vAEAAACO,2022,episode,Harley Quinn
122,6,Harley Quinn: A Very Problematic Valentine's Day Special,GY74DQQPo6UG9tAEAAAqz,2023,,Harley Quinn
124,0,Harry Potter 20th Anniversary: Return to Hogwarts,GYbzrRAvf-ZPCKQEAAAAX,2022,standalone,Harry Potter 20th Anniversary
126,1,Harry Potter and the Chamber of Secrets,GXssMIAadRcNMvwEAAAA7,2002,movie,Harry Potter and the Chamber of Secrets
125,0,Harry Potter and the Chamber of Secrets: Extended Version,GYjteqQyjLcPCDgEAAAAZ,2009,,Harry Potter and the Chamber of Secrets
128,1,Harry Potter and the Deathly Hallows - Part 2,GXssRwQESq8NMvwEAAABY,2011,movie,Harry Potter and the Deathly Hallows
127,0,Harry Potter and the Deathly Hallows Part 1,GXssRwQHfmVVGwwEAAABi,2010,movie,Harry Potter and the Deathly Hallows
129,0,Harry Potter and the Goblet of Fire,GXssOeAtVmlVGwwEAAABR,2005,movie,Harry Potter and the Goblet of Fire
130,0,Harry Potter and the Half-Blood Prince,GXssQ0A7HLFVGwwEAAABc,2009,movie,Harry Potter and the Half-Blood Prince
131,0,Harry Potter and the Order of the Phoenix,GXssPaAiBJ1VGwwEAAABW,2007,movie,Harry Potter and the Order of the Phoenix
132,0,Harry Potter and the Prisoner of Azkaban,GXssObwqZrVVGwwEAAABI,2004,movie,Harry Potter and the Prisoner of Azkaban
19,0,Harvey Birdman: Attorney at Law,GXyNIuAsYb8J6pQEAAAJR,2004,episode,Harvey Birdman
20,1,Haute Dog,GX2TedgOIjh6fnAEAAAFJ,2020,,Haute Dog
142,3,Haute Dog: Sneak Peek,GYA8SlQ0euIWQlQEAAAAC,2021,,Haute Dog
141,0,Haute Dog: Trailer Premieres September 24,GX2Ew7wSByMIkhQEAAABO,2020,,Haute Dog
303,40,Hazlo Como Hombre (Do It Like an Hombre),GYyyv4gLaWMIEGgEAAADz,2017,movie,It
143,1,Head of the Class,GYV-McAuLRnpuvQEAAAAb,2021,,Head of the Class
21,0,Head of the Class,GYA8lqAJMFcLDcgEAAAIG,1989,,Head of the Class
144,0,Headless Chickens,GZCblSgklJrDCLQEAAAY6,2023,episode,Headless Chickens
145,0,Hell in the Heartland: What Happened to Ashley and Lauria?,GX5Bt_Qg4qJO1kAEAAABW,2019,,Hell in the Heartland
151,5,Hellboy,GXaX2SQF3VJy3wwEAAAFk,2019,movie,Hellboy
152,6,Hellboy,GYU5yzQjrEMLDwwEAAAAx,2004,,Hellboy
146,0,Hellboy,GYgYXoQjs2FpXwgEAAAEl,2004,movie,Hellboy
149,3,Hellboy II: The Golden Army,GWW-zmQGE-sNNwwEAAAAn,2008,,Hellboy
147,1,Hellboy: Blood and Iron,GX-0EXQ4-AMNvuwEAAAAl,2006,,Hellboy
148,2,Hellboy: Sword of Storms,GX-0LaAdzjMNvuwEAAAAv,2006,,Hellboy
150,4,Hellboy: The Dark Below,GX_OZiwyVdnLCCwEAAAAw,2010,,Hellboy
6,9,High Maintenance,GV6szpA6I-7KCwgEAAAAL,2019,episode,
98,18,High Maintenance Web Series,GV8A3fgFNJsMRrwEAAAAG,2016,episode,
386,147,Highlights: Ituano vs Portuguesa,GY725VQeYjcLCwgEAAAn8,2023,,It
292,27,Highlights: Ituano vs Santo André,GY871ggFVeKaHgQEAAA1F,2023,,It
370,129,Highlights: Ituano vs Santos,GY873EQdTN5SgigEAAAzJ,2023,,It
304,41,Highlights: Palmeiras vs Ituano,GZBM7KAWdU6-1mgEAABHx,2023,,It
380,140,Highlights: São Paulo vs Ituano,GY724_gNQcAnCZwEAAAsG,2023,,It
156,0,Hollywood Homicide,GYTms4QCoI6DDCQEAAADu,2003,,Hollywood Homicide
41,54,Home,GXqR-OwiGNr2_wwEAAANM,2019,,Home
223,103,Home,GYYuNiwCbMcLDwwEAAACV,2015,,Home
178,28,Home Again,GYiJxdwPXGcLDwgEAAAAH,2017,,Home
188,43,Home Alone,GVhw_fww_gIuuJyYKAABA,1990,,Home
167,14,Home Alone 2: Lost in New York,GXl55xQpbiZ4_wwEAACWE,1992,,Home
214,92,Home Alone 3,GXodClQ5AZbDCYwEAAAPo,1997,,Home
179,29,Home Alone 4,GXpi4oQw2zr1TwwEAAAAZ,2002,,Home
209,82,Home Alone: The Holiday Heist,GXpivhgRS0L1TwwEAAAAQ,2012,,Home
29,0,Home Economics,GYjNGCgqUQcPDEwEAAAAZ,2021,,Home
211,84,Home Fries,GYfijqg48tZFvjQEAAACw,1998,,Home
177,27,Home Is Where Your Heart Is,GYuncpwfyIrTCKgEAAAEM,2017,,Home
39,51,Home Movies,GXnUIkwqnZoCgwwEAAAUs,2002,episode,Home
218,96,Home Run,GZG0oJA4-xQnCZwEAABny,2013,,Home
187,40,Home Stretch,GYgHXnwJ7YsI0GwEAAAFB,2020,,Home
199,64,Home Sweet Hell,GZApXjgIGAJfDVQEAABFw,2015,,Home
206,79,Home Videos,GXMdVzwG7EMLDwgEAAABN,2019,movie,Home
185,35,Homefront,GYGze4w0RoJjDwwEAAACo,2013,,Home
42,62,Homegrown,GYyTRuAWgbDKqUgEAAACu,2022,episode,Home
219,97,Homegrown: The Counter-Terror Dilemma,GVnmU2AuoyZ3Dww0JAAHL,2016,movie,Home
190,46,Homeless: The Motel Kids of Orange County,GVU2tGAC-zoNJjhsJAU_g,2010,movie,Home
202,74,Homeschool Musical Class of 2020,GX8UsVwU-dsLDbAEAAAAc,2020,standalone,Home
164,11,Homeschool Musical: Class of 2020: Trailer - Premieres December 17,GX8UMPwrz1MLDbAEAAAAG,2020,,Home
230,0,"Hook, Line, and Sinker",GYuMHfQaHm8NewgEAAA8J,1931,,"Hook, Line"
235,4,Hop,GW_L3qwtOpL3DwgEAAAEl,2011,,Hop
231,0,Hope,GY2Ts1AtE94HDwwEAAABB,2019,,Hop
232,1,Hope Floats,GXSybogZBXL29bAEAAAYx,1998,,Hop
239,8,Hope Gap,GYXEI2APxeYJQuwEAAAIS,2019,,Hop
234,3,Hope Springs,GYl6PUQdhn66vjgEAAAAG,2012,,Hop
44,1,House of Ho,GXvTTlQwJdcLDGQEAAAMj,2022,episode,House of Ho
242,0,House of Ho: Trailer - Premieres December 10,GX7wJdQSyLrzCNQEAAAAd,2020,,House of Ho
243,0,House of Wax,GXwNxKAQgMcPDwgEAAAOh,2005,,House of Wax
45,6,House of the Dragon: The House That Dragons Built,GY8Fsigkp9cLCwgEAAAqc,1990,episode,The House
256,0,Housing Complex C,GYxfOLQ8mwcLDwgEAAAAD,2022,episode,Housing Complex
360,116,How It Ends,GYigtZgV0mMLDwgEAAAHA,2021,,It
46,0,How It Really Happened,GXc8iNg8iV8PCwwEAAAgr,2019,,How It Really Happened
58,63,How To Make It In America,GVU2u7gvLrY7DwvwIAVS1,2010,episode,It
257,0,How We Get Free,GZRasKAftl8JMRAEAABC2,2023,,How We Get Free
339,90,How to Screw It All Up,GYpd6nwPim8N5vAEAAAAF,2022,episode,It
259,0,Howl's Moving Castle,GXrHR0QRNbnUYOAEAAABB,2004,movie,Moving Castle
265,17,Hunger,GYHn8PAEEo1WknAEAAADA,2008,,Hunger
266,0,I Don't Like Driving,GY5xSiw05Ha-1mgEAAAas,2023,episode,Like Driving
389,150,I Give It a Year,GYgrNDgHBRLI2owEAAAAC,2013,,It
49,1,I Hate Suzie,GX6MziQh41pYSwwEAAAK4,2022,episode,I Hate Suzie
267,0,I Hate Suzie: Trailer - Premieres November 19,GX66w5AzVJMLCHwEAAAAu,2020,,I Hate Suzie
240,9,I Hope You'll Die Next Time,GYgHbUgPyeTbCwwEAAAEg,2018,,Hop
299,34,"I Love You, and It Hurts",GZMLNhQmA0pfDVQEAACEk,2023,,It
204,77,Ideal Home,GW6PCJgPKTMPDSgEAAAFX,2018,,Home
270,1,In the Heights,GYK0x7gXCza4OwwEAAADl,2021,movie,In the Heights
269,0,In the Heights: Trailer,GYA7uCQOAeH2UfwEAAAAC,2021,,In the Heights
50,0,Infinity Train,GXkNXsArG_o7CZgEAABfH,2018,,Infinity Train
52,0,Inside Evil with Chris Cuomo,GXdRL2A375aXCPQEAABEZ,2019,,Inside Evil
379,138,Isn't It Romantic,GXSd6kQLMRb29bAEAAALf,2019,,It
332,78,It,GWt7vKAJzFri8vQEAAAKm,2017,movie,It
392,153,It Came from the Water,GZJlFugByXaaHgQEAABzi,2022,,It
367,125,It Chapter Two,GYGP7sgsEX4jDXAEAAAFs,2019,,It
296,31,It Chapter Two,GXkXIGACM6o-njwEAABv5,2019,movie,It
286,18,It Comes at Night,GYIjh8AKo1pGxLwEAAAKT,2017,,It
350,103,It Could Happen to You,GYfiaIAL8eg6PtAEAAADA,1994,,It
306,43,It Cuts Deep,GYgHXCAXdXK3COgEAAAFJ,2020,,It
318,61,It Follows,GY1fvjQ6tQKjCwwEAAAAj,2015,,It
375,134,It Happened At The World's Fair,GYuMHiAOb22dlbgEAAAAM,1963,,It
356,111,It Happened One Night,GYRMbfwe49sPDwwEAAAAj,1934,,It
309,48,It Happened on 5th Avenue,GX7gA4Q74TIIDjgEAAAA_,1947,,It
294,29,It Takes Two,GYHeFMALfEsMRuwEAAABB,1995,,It
354,109,It Takes Two,GXsQP4Qn7Y4sKqgEAAABv,1995,,It
402,165,It Was a Plan,GYk5Q9gps_8NMogEAAAAC,2009,,It
353,108,It Will Be Chaos,GWujAlwo2L7mqwwEAAABE,2018,movie,It
383,143,It's A Wonderful Tiny Toons Christmas Special,GYta4rwW_rcLCwgEAAAqx,1992,,It
365,121,It's All About Love,GYaeQHAj7ml9MsAEAAAAb,2018,,It
307,44,It's All So Quiet,GYmvCEA8VacMwiAEAAAAu,2013,,It
300,37,It's Always Fair Weather,GYGd_JwiHzcMfwwEAAAF_,1955,,It
335,81,It's Complicated,GWyku8grTIhnCwwEAAAB4,2009,,It
287,19,"It's Just a Phase, Honey",GYwM0pgpxc63CwwEAAAVg,2021,,It
377,136,It's Kind of a Funny Story,GXSycWAQP-r29bAEAAA6k,2010,,It
390,151,"It's Me, Hilary: The Man Who Drew Eloise",GVU45kwpL-FFvjSoJAeOz,2015,movie,It
329,75,"It's Not Just You, Murray!",GYyyv4gEDUKrDwwEAAAEs,1964,movie,It
337,87,"It's Not You, It's Me",GYBQ3dQK7noYUkAEAAAEL,2011,,It
314,57,It's Only the End of the World,GYhzMkQURxLyxKwEAAAGD,2016,,It
345,98,It's a Fairy!,GYZP8nQc6Up5BwwEAAAAV,2016,,It
393,154,It's a Free World,GYS4PNgM1l5h1wgEAAAAD,2007,,It
322,68,"It's a Hard Truth, Ain't It",GXBPhhgYpdVa1lwEAAALp,2019,movie,It
291,26,It's a Sin,GYBNNbABUnb1QoQEAAABA,2021,episode,It
276,5,It's a Sin: Trailer,GX_7_dQEWRYSLIQEAAAAC,2021,,It
359,114,It's a Wonderful World,GZG0jjwYEgKaHgQEAABk9,1939,,It
344,97,It's for Your Own Good,GYWkQzQg8KFVAXQEAAACN,2017,,It
366,124,Italian Studies,GY1aHigvwoa6WwgEAAAFr,2021,,It
288,21,Italianamerican,GYyyv4gEg56-iEgEAAAAN,1974,movie,It
398,161,Ituano FC SP vs Associacao Portuguesa de Desportos SP,GY7XXvwp3N8LCwwEAAAmp,2023,,It
387,148,Ituano FC SP vs EC Santo Andre SP,GY7XwqQqL3cPCLQEAAAAC,2023,,It
275,3,Ituano FC SP vs Santos FC SP,GY7XyxAPlyMPCLwEAAAml,2023,,It
328,74,Ituano vs Portuguesa,GZHj_5APM9a-1mgEAABoG,2023,,It
280,10,Ituano vs Santo André,GZHj7OgIb8JOmPwEAAAvw,2023,,It
376,135,Ituano vs Santos,GZHj9zgtnhgnCZwEAABrs,2023,,It
378,137,Ituano x Corinthians,GYeBDhgkrv2-jkwEAABO5,2022,,It
331,77,Ituano x Guarani,GYfweowZ5dcPCWgEAAAC8,2022,,It
368,126,Ituano x Red Bull Bragantino,GYfwmdQD2jcLDwgEAAAA1,2022,,It
221,99,"Jeff, Who Lives at Home",GYscUDAr1Ib3CaQEAAAKy,2012,,Home
385,146,Jerry Garcia: It's Not My Weekend,GXLjmRQwM58N8owEAAAKF,2019,standalone,It
364,120,Journey to Italy,GXn5dXgRi2oBKRwEAAAN5,1954,movie,It
324,70,Judas and the Black Messiah: What It Feels Like,GYCRdTQ6mQnkegAEAAAAC,2021,,It
317,60,Jussie Smollett: A Faking It Special,GZO4egAVuqMPCwgEAAAAN,2022,,It
334,80,Just Go with It,GYFzu-gwpc8ITpgEAAAVr,2011,,It
336,83,Kill It And Leave This Town,GYxnN8QG_QETDwwEAAApQ,2020,,It
388,149,Kiss Me Before It Blows Up,GYgHYAwJZo6-ouQEAAAQH,2020,,It
227,110,Lassie Come Home,GXd7mbgl0F7PDfgEAAAV-,1943,,Home
198,63,Last Letters Home: Voices of American Troops From the Battlefields of Iraq,GVWen8QWRCqMkqAEJAAAD,2004,movie,Home
281,11,Let It Snow,GYmvB6gyGG6TDYQEAAAAl,2020,,It
399,162,Life as We Know It,GXdu2VgjjzZuAuwEAADap,2010,,It
330,76,Lil Rel Howery: I Said It. Y'all Thinking It.,GY2U3rQXPVUthwgEAAAD9,2022,,It
284,16,Lil Rey Howery: I Said It. Y'all Thinking It,GY1IHtQpz5MNtgwEAAACP,2022,standalone,It
207,80,Lovecraft Country: Season 1 Comic-Con@Home 2020 Panel,GXxbtPgmkUcNqwwEAAAAG,2020,,Home
106,30,Lunana: A Yak in the Classroom,GZDlOnQUbO3SfmgEAAAe_,2019,,
86,2,Lupin The 3rd Vs. Detective Conan: The Movie,GYIjh7w4hGLK9wgEAAALy,2013,,
351,106,Made in Italy,GYf4TGgDVuq3COgEAAACq,2020,,It
382,142,Made in Italy,GYSXaIQq2uI3DRAEAAAAC,2020,,It
315,58,"Make It Big, Make It Small",GX1Eg7wy2g3XDwgEAAAAZ,2016,,It
88,4,Malignant,GYSaKIQwrHruinAEAAABN,2021,movie,
352,107,Marlon Wayans: You Know What It Is,GYQmScwklrsJRmQEAAACG,2021,standalone,It
340,92,May It Last: A Portrait of the Avett Brothers,GWhW0ZArFVZC_pgEAAABX,2018,movie,It
237,6,Mi Querida Cofradia (Hopelessly Devout),GXJ0wHg7h6oG6gAEAAALD,2019,,Hop
279,9,Michael Jackson: A Faking It Special,GZO4eogNpdgCSZAEAAAAH,2021,,It
321,67,Miss You Can Do It,GVU40PAJGiINJjhsJAd1B,2013,movie,It
31,6,"My Home, My Destiny",GYQS5jAlSyBk5wwEAAAAF,2020,,Home
194,55,News From Home,GYgKtTAIHocMNwgEAAAKe,1976,movie,Home
397,159,No Dogs or Italians Allowed,GZG0j9AJv0JfDVQEAABkH,2022,,It
369,127,Once a Year It Does Not Hurt,GYfU1uw0PyZFvjQEAAAAT,2014,,It
371,130,Palmeiras vs Ituano,GZBHyEQ3K4cLCwgEAABGG,2023,,It
311,50,Palmeiras vs Ituano,GZHj_BwojicLCwwEAABsc,2023,,It
89,5,Panic: The Untold Story of the 2008 Financial Crisis,GW9n8YwIsy8N5wwEAAAUy,2018,,
333,79,Pay It Forward,GYGQNpQ2iUYW2XgEAAAFQ,2000,,It
358,113,Playing It Cool,GZON5eATXncM7pgEAAAAF,2014,,It
166,13,Porfirio Díaz: 100 Years Without a Home,GZN2ZhgZwtDOKkgEAAAAE,2015,,Home
37,37,Property Brothers: Forever Home,GY2F87wg6GbS7wwEAAAAC,2022,episode,Home
295,30,R.Kelly: A Faking It Special,GZO4elwWe1B3DwwEAAAAT,2022,,It
182,32,Rainforest Home,GYK6Mvw5giUiCwwEAAAAD,2020,,Home
212,90,Reindeer Games Homecoming,GZK1ktgPfHZfDVQEAAB3f,2022,,Home
363,119,Rumor Has It...,GXuj4bQDf4ZuSkwEAAA4P,2005,movie,It
208,81,Safer At Home,GYtrceQUpacLCwgEAAAyB,2021,,Home
85,1,Sanandresito,GYo0JHw01zcNqlwEAAAAV,2012,,
404,167,"Santana - Corazon: Live From Mexico, Live It To Believe It",GYPIGhgcOS0VLBQEAAACY,2014,standalone,It
289,24,Sao Paulo FC SP vs Ituano FC SP,GY7XXDwUL58LCwwEAAAmo,2023,,It
283,14,Say It Isn't So,GXYT91QG9rKnCVgEAAAkp,2001,,It
316,59,Say It Loud,GYg_hpwU9_0iCrwEAAADa,2020,,It
305,42,Set It Off: Director's Cut,GXqHaLgCv1k1yqgEAAAAa,2008,,It
278,8,Shake It All About,GYtA03QZ2EkqupQEAAAaG,2001,,It
320,66,Shayla Rivera: It's Not Rocket Science,GX0UPaQeKz7RfrAEAAAAF,2020,standalone,It
319,64,Some Like It Hot,GZDQwAgFHfJSgigEAABRD,1959,movie,It
193,49,Spider-Man: All Roads Lead to No Way Home,GY3bxtgndrcLCwwEAAAEC,2022,,Home
180,30,Spider-Man: Far from Home,GYnKrWwKqdsLCwwEAAAHU,2019,,Home
165,12,Spider-Man: Homecoming,GYU1jsgDeSgs7swEAAACQ,2017,,Home
181,31,Spider-Man: No Way Home,GYqeASQeezEo8igEAAACK,2021,,Home
172,21,Spider-Man: No Way Home: The More Fun Stuff,GY3KHzQ1l05OegAEAAABO,2021,,Home
347,100,Stanley Tucci: Searching For Italy,GYOh_IAFoyafCNgEAAAX6,2021,,It
203,75,Star Trek IV: The Voyage Home,GY1KJrQDtP2WMrgEAAAEp,1986,movie,Home
361,117,Stephen King's It,GX_dBIw6UfcLCRAEAAAAC,1990,movie,It
200,69,Stomp The Yard-Homecoming,GYoYZaQbBbVrCEQEAAAAE,2010,,Home
5,0,Supernanny (UK),GXeW38gFW4cPCwwEAADzs,2006,,
277,6,"Sweetie, You Won't Believe It",GZA8vCA53h6KZwgEAAAQr,2020,,It
355,110,São Paulo vs Ituano,GZHj-IA86Uk6aKQEAAAw6,2023,,It
224,104,Take Me Home Tonight,GYIHG3gFVSp2TjQEAAAD9,2011,,Home
312,53,Ted Bundy: A Faking It Special,GZO4d-ACH7sJMRAEAAAgV,2021,,It
4,1,The Amazing World of Gumball,GXkyElw3j2J4_wwEAAAQa,2012,episode,Gumball
83,5,The Amazing World of Gumball: Darwin's Yearbook,GYVlC5wiHLUSdNAEAAABB,2019,,Gumball
82,0,The Amazing World of Gumball: The Gumball Chronicles,GYWR01QAEKpe5pAEAAAAr,2020,,Gumball
100,21,The Black Belt - The True History of Fernando Tererê,GYy3Dwgk0r7cxtgEAAADc,2022,,
51,0,The Carbonaro Effect: Inside Carbonaro,GXbGoFQcNI4NiYAEAAAV4,2018,episode,Inside Carbonaro
96,14,The Case Against Adnan Syed,GXGWMpwEZF62uAwEAAAAM,2019,episode,
373,132,The Conjuring: The Devil Made Me Do It,GYOYX9gphVFOLNgEAAAQR,2021,movie,It
310,49,The Conjuring: The Devil Made Me Do It,GYLEE7gB0zcLCwgEAAAHj,2021,,It
298,33,The Conjuring: The Devil Made Me Do It − Trailer,GYICu1wykOJSmpAEAAAJv,2021,,It
93,11,The Covenant,GYRsyeQS0T6WyfAEAAAA6,2006,,
139,5,The Enfield Haunting: Part 1,GYsQbEgN_YYvDGQEAAAA5,2015,,Haunting
137,3,The Enfield Haunting: Part 2,GYsQbqA15sEqupQEAAACX,2015,,Haunting
32,8,The Established Home,GYyjFbwLF08LDDgEAAADL,2022,episode,Home
101,22,The French Lieutenant's Woman,GYVt_iwMcogvCCgEAAAAQ,1981,movie,
107,32,The Game of Thrones Reunion Hosted by Conan O'Brien,GYWpj_Azx0Bq2jwEAAAB7,2021,,
61,0,The Great American Pastime,GYpaBIwMazJ_DPwEAAAAK,1956,,Great American Pastime
62,0,The Great Caruso,GYLaskw8p8rW8wwEAAAFx,1951,,Great Caruso
63,0,The Great Gatsby,GYLE5fgQVVcPCOAEAAAAF,2013,movie,Great Gatsby
64,1,The Great Gatsby,GX9vC6AKE2a3DYQEAAAHo,1974,,Great Gatsby
233,2,The Great Gilly Hopkins,GXl5waQ0j2p4_wwEAACTR,2016,,Hop
2,0,The Great Pottery Throw Down,GX0gQ9AKAgr5cuAEAAAG_,2015,episode,Great Pottery
65,3,The Great Pottery Throw Down: Season 4 Trailer,GYEvanAumw4QhqgEAAAA1,2021,,Great Pottery
66,5,The Great Pottery Throw Down: Trailer Premieres September 17,GX07PSg3TyHOVpQEAAADz,2020,,Great Pottery
67,0,The Great Race,GYd3I9A3s5ke_IgEAAAau,1965,movie,Great Race
68,0,The Great Santini,GYS6tIgJX4sJ9qQEAAADq,1979,,Great Santini
69,0,The Great Ziegfeld,GYblj_Q319cIZsAEAAAJx,1936,,Great Ziegfeld
70,0,The Green Berets,GYS6z5wwMj7c-WgEAAACx,1968,,Green Berets
77,0,The Green Mile,GYC6ZiwvKE8LCMQEAAAAG,1999,movie,Green Mile
78,0,The Green Pastures,GXt50cgXlXcJHjQEAAAsJ,1936,,Green Pastures
3,0,The Grim Adventures of Billy & Mandy,GX-Tu4ge5qAexgwEAAABd,2003,episode,Grim Adventures of Billy
113,4,The Hangover,GYL_Z7AW4ppXCCQEAAADa,2009,movie,Hangover
11,1,The Hangover Part II,GYGbnaQ0VpBfDwwEAAAA-,2011,,Hangover Part II
12,2,The Hangover Part II,GXnjwZgr15aFYqQEAAAbj,2011,,Hangover Part II
13,3,The Hangover Part III,GYafDvANaBcLDSQEAAAAg,2013,,Hangover Part II
10,0,The Hangover Part III,GYJn1Ogx__qvDwgEAAAAG,2013,,Hangover Part II
133,0,The Harvey Girls,GYS6z3Axy9KwHPgEAAAEA,1946,movie,Harvey Girls
135,1,The Haunting,GYnwZgggPqcPDOQEAAART,1963,movie,Haunting
140,6,The Haunting,GX07YDABMPoaMwgEAAAE1,1999,movie,Haunting
134,0,The Haunting In Connecticut 2: Ghosts of Georgia,GYw_QvAosFFiCmwEAAAmp,2013,movie,Haunting
136,2,The Haunting in Connecticut,GYYl1Xggu04cswgEAAAD9,2009,,Haunting
22,0,"The Heart, She Holler",GXbonuQgsfXepwwEAABfE,2014,episode,"Heart, She Holler"
23,0,The History of Comedy,GXcyUiwZdw5uAuwEAAAi0,2018,,History of Comedy
210,83,The History of Home Narrated by Nick Offerman,GYKwAygnoqbCBYgEAAAAE,2020,,Home
189,44,The History of Home Presents... History's Greatest Homes,GYKwA8grp50g2gQEAAAAz,2020,,Home
155,6,The Hobbit,GXmBgJQ6sI54_wwEAACjs,1977,movie,Hobbit
24,0,The Hobbit: An Unexpected Journey,GYWxDNwOY8omvwgEAAAEf,2012,movie,Hobbit
27,5,The Hobbit: An Unexpected Journey,GXk2biwQFEo7CZgEAACQc,2012,,Hobbit
28,7,The Hobbit: An Unexpected Journey (extended version),GYgHZbg8YFa-ouQEAAAQO,2012,,Hobbit
153,1,The Hobbit: The Battle of the Five Armies,GXk2biwjpCDC3wwEAAAas,2014,movie,Hobbit
154,4,The Hobbit: The Battle of the Five Armies (extended version),GYgHYIQI8QK-ouQEAAAQJ,2014,,Hobbit
26,3,The Hobbit: The Desolation of Smaug,GXrHpPQvjhomBSgEAAAAZ,2013,movie,Hobbit
25,2,The Hobbit: The Desolation of Smaug (extended version),GYgHcxQFF5MJifQEAAAFR,2013,,Hobbit
205,78,The Home and the World,GYGX9UwauMIi1wgEAAAC2,1984,movie,Home
170,18,The Homesman,GY5iz_w4Ui5SgigEAAAZ2,2014,movie,Home
229,0,The Honourable Woman,GYZLNlwOBoJKWWQEAAABk,2014,,Honourable Woman
241,0,The Horn Blows at Midnight,GXtqy_QCkjsJHjQEAAAi1,1945,,Horn Blows
250,8,The House,GYW8XhA7iuq27iQEAAAHT,2017,movie,The House
245,1,The House Among the Cactuses,GZIcHxw49Q7iWtQEAAAzN,2022,,The House
246,2,The House Bunny,GZAFCuABZbbDCLQEAAAMn,2008,movie,The House
254,12,The House Next Door: Meet the Blacks 2,GYjXH1QI8NaiggAEAAAAn,2021,,The House
248,4,The House That Jack Built,GYbMWwQih1sIZsAEAAAFy,2018,,The House
251,9,The House of Challenges,GYaD8mgNhVWaWrAEAAAA5,2020,,The House
247,3,The House of Mother Joana,GZOzoygYlPMJMRAEAAAfk,2008,,The House
255,13,The House of Mother Joana 2,GZOzoygQWYbqspgEAAAfr,2013,,The House
252,10,The House of Snails,GYsiR5wjkOsPCEAEAAAAC,2021,,The House
249,5,The House of the Spirits,GYF5VMgWGKW2zaAEAAAA3,1993,,The House
253,11,The House with a Clock in its Walls,GYXD4YwWbMDeNogEAAABj,2018,,The House
258,0,The Howard Stern Interview: Bruce Springsteen,GY3f-0gm-acPCLwEAAAEf,2022,standalone,Howard Stern Interview
263,14,The Hunger,GXrHplwxiBMPCwwEAAAAc,1983,,Hunger
260,8,The Hunger Games,GYOVrkwGAqquiBgEAAAQd,2012,,Hunger
262,11,The Hunger Games: Catching Fire,GYOaMUQsJKWWVwwEAAAVR,2013,,Hunger
261,10,The Hunger Games: Mockingjay - Part 1,GYOaMhAYIW2WVwwEAAAVj,2014,,Hunger
264,16,The Hunger Games: Mockingjay - Part 2,GYOaMMwIOThOXUQEAAASZ,2015,,Hunger
48,0,The Hunt with John Walsh,GXdgqLgOOA8PCwwEAADOd,2015,,Hunt with
268,0,The Ice Pirates,GYd3IpQVnzQPCwgEAAAYi,1984,,Ice Pirates
271,0,The Informer,GX07ZOAPNt4aMwgEAAAFv,1935,,Informer
273,0,The Invisible War,GX25_nQyGio1IugEAAAMU,2012,movie,Invisible War
274,0,The Iron Giant,GXrHplwuS-sPCwwEAAAAb,1999,movie,Iron Giant
301,38,The Italian Job,GWo76aAVu6JpWqgEAAANC,2003,,It
326,72,The Last Sharknado: It's About Time,GYXEHqwcEQ8I_wwEAAAD4,2018,,It
81,1,The Legend of Tarzan,GYKa2lwaD8ZzDwgEAAABY,2016,,The Legend of Tarzan
171,20,The Long Voyage Home,GXk3jtgJBGJ4_wwEAAAXM,1940,movie,Home
343,96,The Murder of Caroline Crouch: A Faking It Special,GZO4ePw3llRa4CQEAAAAH,2022,,It
290,25,The Murder of Gabby Petito: A Faking It Special,GZO4e1QbuDr2IpQEAAAAK,2022,,It
396,158,The Murder of Grace Millane: A Faking It Special,GZO4eogDgAcPCwgEAAAAQ,2021,,It
236,5,The Other Side of Hope,GZFOKEABEoZOmPwEAAAk7,2017,,Hop
91,7,The Revenant,GV40MagYuk4qFrwEAAABf,2015,,
57,46,The Thick of It,GXqSONgrZD72_wwEAAAaE,2005,,It
313,56,The Trip to Italy,GYU1kSARKb5WsDwEAAAB0,2014,,It
272,0,The Windsors: Inside The Royal Dynasty,GX_PTtQZwLXLCCwEAAABk,2020,,Inside The
201,71,There's No Place Like Home,GYF4c4Qn54cLCOQEAAAO8,2018,,Home
97,15,Unpregnant,GX1AF4QPcoYaMwgEAAAQ5,2020,movie,
87,3,Unpregnant: Trailer,GXzK2Ewoxe6bDGwEAAAAE,2020,,
102,23,We Are Pregnant,GZFOHowo4QXSfmgEAAAnC,2016,,
228,111,Welcome Home Roscoe Jenkins,GWIeXxwdlpqmywwEAAAG3,2008,,Home
157,2,"Welcome Home, Roxy Carmichael",GXSyboAjqFpVLqQEAAAYt,1990,,Home
282,13,What's Love Got to do With It,GZIkW0wUkmgnCZwEAAByf,2022,,It
400,163,Whatever It Takes,GZFFO2QaUOrDCLQEAAAku,2000,,It
238,7,When Hope Calls,GYfsIaQxhaEQmsAEAAAAo,2019,,Hop
192,48,When You Clean a Stranger's Home,GYiDgYw3qC8LDwwEAAAE6,2022,movie,Home
38,41,Where We Call Home,GYyjFEwebkcLCwgEAAADP,2021,episode,Home
220,98,Which Way Home,GXAFvFAoizoa1vAEAAACO,2009,movie,Home
325,71,Whip It (Roller Girl),GWv8NbgRba8NWagEAAAG_,2009,movie,It
308,47,Who Says It's Easy?,GYfmHMAzH0j2HMwEAAACT,2007,,It
56,12,Whose Line Is It Anyway?,GXmleewjcUCLCHAEAACBs,1998,episode,It
54,2,Whose Line Is It Anyway?,GYfhwiwlBDcLDwwEAAABQ,2017,episode,It
323,69,Wreck-It Ralph,GYfnrrgXAfJzDwgEAAAD0,2012,,It
342,94,You Can't Take It With You,GYEfQVQjg6DITvAEAAAAS,1938,,It
341,93,You Can't Take It with You,GYO0jgghEJKfCNgEAAAfW,1938,,It
349,102,"Yvonne Orji: Momma, I Made It!",GXrMnpw0DOK2brQEAAAKm,2020,standalone,It
